<?xml version="1.0"?>
<!DOCTYPE item SYSTEM "item_inventory.dtd">
<?xml-stylesheet type="text/css" href="item_inventory.css"?>
<item_inventory>
  <item id='1'>
    <image>images/baseball.png</image>
    <name>Baseball</name>
    <brand>Rawlings</brand>
    <price>1.95</price>
    <quantity>13</quantity>
  </item>
  <item id='2'>
    <image>images/basketball.png</image>
    <name>Basketball</name>
    <brand>Spalding</brand>
    <price>2.50</price>
    <quantity>6</quantity>
  </item>
  <item id='3'>
    <image>images/football.png</image>
    <name>Football</name>
    <brand>Wilson</brand>
    <price>3.75</price>
    <quantity>9</quantity>
  </item>
  <item id='4'>
    <image>images/volleyball.png</image>
    <name>Volleyball</name>
    <brand>Mizuno</brand>
    <price>3.00</price>
    <quantity>4</quantity>
  </item>
  <item id='5'>
    <image>images/soccerball.png</image>
    <name>Soccerball</name>
    <brand>Nike</brand>
    <price>2.95</price>
    <quantity>29</quantity>
  </item>
<item id='NONE'>
  <image>images/image_not_available.jpg</image>
  <name>Not Available</name>
  <brand>Not Avaialable</brand>
  <price>0</price>
  <quantity>0</quantity>
</item>
</item_inventory>
